mid_span_km,input_power_dBm,output_power_dBm,OSNR_dB,BER_est
15.0,0.0,12.0,51.06897712967449,0.0
15.0,1.0,13.0,52.068977129674494,0.0
15.0,2.0,14.0,53.06897712967449,0.0
15.0,3.0,15.0,54.068977129674494,0.0
15.0,4.0,16.0,55.068977129674494,0.0
15.0,5.0,17.0,56.06897712967449,0.0
15.0,6.0,18.0,57.068977129674494,0.0
15.0,7.0,19.0,58.06897712967449,0.0
15.0,8.0,20.000000000000004,59.068977129674494,0.0
15.0,9.0,21.0,60.068977129674494,0.0
15.0,10.0,22.0,61.06897712967449,0.0
